{"cameraMode":{"drawMode":0,"name":"Shaded","section":"Shading Mode"},"sceneLighting":true,"audioPlay":false,"sceneViewState":{"showFog":true,"showMaterialUpdate":false,"showSkybox":true,"showFlares":true,"showImageEffects":true,"showParticleSystems":true,"showVisualEffectGraphs":true,"m_FxEnabled":true},"in2DMode":false,"pivot":{"x":0.8178980350494385,"y":11.118956565856934,"z":-10.562259674072266},"rotation":{"x":0.44742918014526369,"y":-0.010208671912550927,"z":0.005648375488817692,"w":0.8945109844207764},"size":5.118558883666992,"orthographic":false}