{"cameraMode":{"drawMode":0,"name":"Shaded","section":"Shading Mode"},"sceneLighting":true,"audioPlay":false,"sceneViewState":{"showFog":true,"showMaterialUpdate":false,"showSkybox":true,"showFlares":true,"showImageEffects":true,"showParticleSystems":true},"in2DMode":false,"pivot":{"x":-6.850872993469238,"y":33.02491760253906,"z":-8.503310203552246},"rotation":{"x":0.425004780292511,"y":0.25838735699653628,"z":-0.12798547744750977,"w":0.8580394983291626},"size":20.29669189453125,"orthographic":false}