{"cameraMode":{"drawMode":0,"name":"Shaded","section":"Shading Mode"},"sceneLighting":true,"audioPlay":false,"sceneViewState":{"showFog":true,"showMaterialUpdate":false,"showSkybox":true,"showFlares":true,"showImageEffects":true,"showParticleSystems":true},"in2DMode":false,"pivot":{"x":-3.083897113800049,"y":1.389876127243042,"z":0.4568425118923187},"rotation":{"x":-0.20867891609668733,"y":0.6439040303230286,"z":-0.18886490166187287,"w":-0.7114582061767578},"size":10.0,"orthographic":false}